"Row.names","logFC","AveExpr","t","P.Value","adj.P.Val","B","DiffExp","ID","Species","Source","Search_Key","Transcript","ILMN_Gene","Source_Reference_ID","RefSeq_ID","Entrez_Gene_ID","GI","Accession","Symbol","Protein_Product","Array_Address_Id","Probe_Type","Probe_Start","SEQUENCE","Chromosome","Probe_Chr_Orientation","Probe_Coordinates","Cytoband","Definition","Ontology_Component","Ontology_Process","Ontology_Function","Synonyms","GB_ACC"
"ILMN_1651498",0.517940458196797,9.70570079560759,3.86694107874918,0.000222655004371253,0.0111673073498387,0.464687848843025,"Up-regulated (High in Neurodivergent)","ILMN_1651498","Homo sapiens","RefSeq","ILMN_4884","ILMN_4884","GADD45G","NM_006705.2","NM_006705.2",10912,9790905,"NM_006705.2","GADD45G","NP_006696.1",5570114,"S",923,"GCCCTGGACTTGGTACAGTTTCAGGAGCGTGAAGGACTTAACCGACTGCC","9","+","91411148-91411197","9q22.2a","Homo sapiens growth arrest and DNA-damage-inducible, gamma (GADD45G), mRNA.","","cell differentiation [goid 30154] [evidence IEA]; apoptosis [goid 6915] [evidence IEA]; DNA repair [goid 6281] [pmid 9827804] [evidence TAS]; activation of MAPKKK activity [goid 185] [pmid 9827804] [evidence TAS]; response to stress [goid 6950] [pmid 9827804] [evidence TAS]","protein binding [goid 5515] [pmid 15383276] [evidence IPI]","DDIT2; CR6; GADD45gamma; GRP17","NM_006705.2"
"ILMN_1652540",-0.506245652595513,9.81907619288608,-5.2091358616914,1.43219942134356e-06,0.000793871916541153,5.06949549691551,"Down-regulated (Low in Neurodivergent)","ILMN_1652540","Homo sapiens","RefSeq","ILMN_14301","ILMN_14301","C5ORF16","NM_173828.3","NM_173828.3",285613,40255189,"NM_173828.3","C5orf16","NP_776189.2",60703,"S",2100,"ACCACAGGGAGCAGGGAGTATGTGAGTCTCCTTCATTGTGCTGATGGACT","5","+","141000185-141000195:141000196-141000196:141000422-141000459","5q31.3c","Homo sapiens RELT-like 2 (RELL2), mRNA.","","","","RELL2; FLJ90583; C5orf16","NM_173828.3"
"ILMN_1652549",0.521678130501281,10.107991488481,3.45868354048856,0.000871161515448723,0.0240409090498229,-0.761208133163024,"Up-regulated (High in Neurodivergent)","ILMN_1652549","Homo sapiens","RefSeq","ILMN_28503","ILMN_28503","DTNA","NM_001392.3","NM_001392.3",1837,42717993,"NM_001392.3","DTNA","NP_001383.2",4570253,"A",1248,"CTGTGCTTCCAGCCGTGAACCTTTGCACCCCATGTTCCCAGATCAGCCTG","18","+","30654800-30654849","18q12.1g","Homo sapiens dystrobrevin, alpha (DTNA), transcript variant 7, mRNA.","synapse [goid 45202] [evidence IEA]; synapse [goid 45202] [evidence IEA]","striated muscle contraction [goid 6941] [pmid 10767327] [evidence TAS]; neuromuscular synaptic transmission [goid 7274] [pmid 9119373] [evidence TAS]; signal transduction [goid 7165] [pmid 10767327] [evidence TAS]; striated muscle contraction [goid 6941] [pmid 10767327] [evidence TAS]; neuromuscular synaptic transmission [goid 7274] [pmid 9119373] [evidence TAS]; signal transduction [goid 7165] [pmid 10767327] [evidence TAS]","zinc ion binding [goid 8270] [evidence IEA]; calcium ion binding [goid 5509] [evidence IEA]; protein binding [goid 5515] [pmid 11353857] [evidence IPI]; zinc ion binding [goid 8270] [evidence IEA]; calcium ion binding [goid 5509] [evidence IEA]; protein binding [goid 5515] [pmid 11353857] [evidence IPI]","D18S892E; DTN; LVNC1; DRP3","NM_001392.3"
"ILMN_1659766",0.803711397924356,11.2121920420127,3.22037656777404,0.00184856378466243,0.0354320949687808,-1.43081554896051,"Up-regulated (High in Neurodivergent)","ILMN_1659766","Homo sapiens","RefSeq","ILMN_9420","ILMN_9420","BAG3","NM_004281.3","NM_004281.3",9531,62530382,"NM_004281.3","BAG3","NP_004272.2",1340075,"S",2278,"TTCTGCAGCCCTGTCTACTTGGGCACCCCCACCACCTGTTAGCTGTGGTT","10","+","121427028-121427077","10q26.11d","Homo sapiens BCL2-associated athanogene 3 (BAG3), mRNA.","cytosol [goid 5829] [pmid 10597216] [evidence IDA]","apoptosis [goid 6915] [evidence IEA]; anti-apoptosis [goid 6916] [pmid 10597216] [evidence NAS]; protein folding [goid 6457] [pmid 9873016] [evidence NAS]","Hsp70/Hsc70 protein regulator activity [goid 30192] [pmid 9873016] [evidence NAS]; unfolded protein binding [goid 51082] [evidence IEA]","CAIR-1; BIS; BAG-3; MGC104307","NM_004281.3"
"ILMN_1659895",0.502100368911536,10.8561680455696,4.11963225443952,9.15656002432359e-05,0.00764582420962746,1.26918742349073,"Up-regulated (High in Neurodivergent)","ILMN_1659895","Homo sapiens","RefSeq","ILMN_10863","ILMN_10863","MSN","NM_002444.2","NM_002444.2",4478,53729335,"NM_002444.2","MSN","NP_002435.1",730332,"S",3678,"CACCACCCCCCACTCTGTGCCTGACCTTGAGGAGTCTTGTGTGCATTGCT","X","+","64878226-64878275","Xq11.1c","Homo sapiens moesin (MSN), mRNA.","plasma membrane [goid 5886] [pmid 8188263] [evidence TAS]; cytoskeleton [goid 5856] [pmid 16130169] [evidence TAS]; cytoplasm [goid 5737] [evidence IEA]","cell motility [goid 6928] [pmid 16130169] [evidence TAS]","receptor binding [goid 5102] [pmid 15819698] [evidence IPI]; cytoskeletal protein binding [goid 8092] [evidence IEA]; structural constituent of cytoskeleton [goid 5200] [pmid 1924289] [evidence TAS]","","NM_002444.2"
"ILMN_1665207",0.530065058644876,9.48550087932911,2.40717830732359,0.0183693221527569,0.118022250745834,-3.42721138659318,"Up-regulated (High in Neurodivergent)","ILMN_1665207","Homo sapiens","RefSeq","ILMN_138412","ILMN_138412","C10ORF85","NM_001012711.1","NM_001012711.1",404216,60593043,"NM_001012711.1","C10orf85","NP_001012729.1",6770291,"S",1763,"GTAATGAGGCATCTATTCCCTGTGTGCCATGTGCCCCTTGAGTAGGGGAC","10","+","122349473-122349522","10q26.12a","Homo sapiens chromosome 10 open reading frame 85 (C10orf85), mRNA.","","","","FLJ37402","NM_001012711.1"
"ILMN_1672121",-0.51280142032692,11.6695767056962,-4.88615729786732,5.16132224041502e-06,0.00158973876844682,3.89338414508456,"Down-regulated (Low in Neurodivergent)","ILMN_1672121","Homo sapiens","RefSeq","ILMN_42225","ILMN_42225","LOC387856","XM_937099.1","XM_937099.1",387856,89036112,"XM_937099.1","LOC387856","XP_942192.1",4850189,"A",1696,"GGGCATGGAGCATGTGGCTGTCCTGAGGTTCTTTTACTGATGTGCCGCCC","","","","12q13.11c","PREDICTED: Homo sapiens similar to expressed sequence AI836003 (LOC387856), mRNA.","","","","","XM_937099.1"
"ILMN_1673352",0.663479637282054,12.3580240544304,3.07738114137896,0.00285571498638778,0.0441215188959272,-1.81517648523586,"Up-regulated (High in Neurodivergent)","ILMN_1673352","Homo sapiens","RefSeq","ILMN_2038","ILMN_2038","IFITM2","NM_006435.1","NM_006435.1",10581,10835237,"NM_006435.1","IFITM2","NP_006426.1",1230767,"S",736,"TATCTTCCATTCCTCGCCCTGCCCCCAGAGGCCAGGAGCTCTGCCCTTGA","11","+","299224-299273","11p15.5d","Homo sapiens interferon induced transmembrane protein 2 (1-8D) (IFITM2), mRNA.","integral to membrane [goid 16021] [evidence IEA]; membrane [goid 16020] [evidence IEA]","response to biotic stimulus [goid 9607] [evidence IEA]; immune response [goid 6955] [pmid 1906403] [evidence TAS]","protein binding [goid 5515] [pmid 15231747] [evidence IPI]","1-8D","NM_006435.1"
"ILMN_1674236",0.72698756332692,12.8866816643038,4.38132660332516,3.5308884658978e-05,0.00449305557285495,2.13583240303957,"Up-regulated (High in Neurodivergent)","ILMN_1674236","Homo sapiens","RefSeq","ILMN_28967","ILMN_28967","HSPB1","NM_001540.2","NM_001540.2",3315,4996892,"NM_001540.2","HSPB1","NP_001531.1",7200608,"S",680,"TGGGGGCCCAGAAGCTGCAAAATCCGATGAGACTGCCGCCAAGTAAAGCC","7","+","75771381-75771426:75771427-75771430","7q11.23e","Homo sapiens heat shock 27kDa protein 1 (HSPB1), mRNA.","cytoskeleton [goid 5856] [pmid 16130169] [evidence TAS]; cell surface [goid 9986] [pmid 12493773] [evidence IEP]; cytoplasm [goid 5737] [pmid 16130169] [evidence TAS]","cell motility [goid 6928] [pmid 16130169] [evidence TAS]; regulation of translational initiation [goid 6446] [pmid 10859165] [evidence TAS]; anti-apoptosis [goid 6916] [pmid 16130169] [evidence TAS]; protein folding [goid 6457] [evidence IEA]; response to unfolded protein [goid 6986] [pmid 10859165] [evidence TAS]","protein binding [goid 5515] [pmid 14594798] [evidence IPI]","HS.76067; HMN2B; HSP27; Hsp25; HSP28; DKFZp586P1322; CMT2F","NM_001540.2"
"ILMN_1674778",-0.518251262759614,11.4246014172785,-2.02218504263322,0.0464850641264457,0.195904396286336,-4.19979087118916,"Down-regulated (Low in Neurodivergent)","ILMN_1674778","Homo sapiens","RefSeq","ILMN_18630","ILMN_18630","ATP6V1G2","NM_130463.2","NM_130463.2",534,20357536,"NM_130463.2","ATP6V1G2","NP_569730.1",4560678,"I",274,"TCGGCCATAACAACAGAAATGGCCAGTCAGTCCCAAGGTATCCAGCAGCT","6","-","31622283-31622315:31622316-31622332","6p21.33a","Homo sapiens ATPase, H+ transporting, lysosomal 13kDa, V1 subunit G2 (ATP6V1G2), transcript variant 1, mRNA.","","ion transport [goid 6811] [evidence IEA]; ATP biosynthesis [goid 6754] [evidence IEA]; proton transport [goid 15992] [evidence IEA]; ion transport [goid 6811] [evidence IEA]; ATP biosynthesis [goid 6754] [evidence IEA]; proton transport [goid 15992] [evidence IEA]","metal ion binding [goid 46872] [evidence IEA]; hydrolase activity [goid 16787] [evidence IEA]; protein binding [goid 5515] [pmid 14667819] [evidence IPI]; hydrogen ion transporter activity [goid 15078] [evidence IEA]; metal ion binding [goid 46872] [evidence IEA]; hydrolase activity [goid 16787] [evidence IEA]; protein binding [goid 5515] [pmid 14667819] [evidence IPI]; hydrogen ion transporter activity [goid 15078] [evidence IEA]","NG38; ATP6G2; VMA10; ATP6G","NM_130463.2"
"ILMN_1675448",0.519221188294228,10.9765630665696,3.93656579119364,0.000174866653974154,0.00976907490067807,0.683030046552286,"Up-regulated (High in Neurodivergent)","ILMN_1675448","Homo sapiens","RefSeq","ILMN_9425","ILMN_9425","ZFP36L1","NM_004926.2","NM_004926.2",677,15812179,"NM_004926.2","ZFP36L1","NP_004917.2",830164,"S",2811,"TGGATTCCAGGTCTGGAGTTTTCCAATGTTAATGTAAACAGAACTGGCAC","14","-","68324289-68324338","14q24.1c","Homo sapiens zinc finger protein 36, C3H type-like 1 (ZFP36L1), mRNA.","nucleus [goid 5634] [evidence IEA]","","metal ion binding [goid 46872] [evidence IEA]; zinc ion binding [goid 8270] [evidence IEA]; protein binding [goid 5515] [pmid 16189514] [evidence IPI]; transcription factor activity [goid 3700] [pmid 8595910] [evidence NAS]","TIS11B; Berg36; cMG1; ERF1; BRF1; RNF162B; ERF-1","NM_004926.2"
"ILMN_1684461",-0.507409806019234,12.2540377567089,-2.57028567767135,0.0120081555040142,0.0953368463845561,-3.0650216781418,"Down-regulated (Low in Neurodivergent)","ILMN_1684461","Homo sapiens","RefSeq","ILMN_20042","ILMN_20042","CADPS2","NM_017954.8","NM_017954.8",93664,57546903,"NM_017954.8","CADPS2","NP_060424.8",7160102,"A",4586,"CCCCAGGTGTGGGGTAGCAAGTGTGCTTCCGTCAAGATACCATATTCTCC","7","-","121746734-121746783","7q31.32a-q31.32b","Homo sapiens Ca2+-dependent activator protein for secretion 2 (CADPS2), transcript variant 1, mRNA.","","","","FLJ40851","NM_017954.8"
"ILMN_1686664",0.522724368858968,12.5923353078481,2.39385726307463,0.0190026501276301,0.120070538254722,-3.4558953247158,"Up-regulated (High in Neurodivergent)","ILMN_1686664","Homo sapiens","RefSeq","ILMN_11198","ILMN_11198","MT2A","NM_005953.2","NM_005953.2",4502,31543214,"NM_005953.2","MT2A","NP_005944.1",450615,"S",10,"GAACCCGCGTGCAACCTGTCCCGACTCTAGCCGCCTCTTCAGCACGCCAT","16","+","55200021-55200068:55200069-55200070","16q13b","Homo sapiens metallothionein 2A (MT2A), mRNA.","","copper ion homeostasis [goid 6878] [pmid 6719135] [evidence TAS]","zinc ion binding [goid 8270] [evidence IEA]; metal ion binding [goid 46872] [evidence IEA]; copper ion binding [goid 5507] [evidence NR ]","MT2","NM_005953.2"
"ILMN_1697512",-0.681284271389748,10.2197375718734,-2.92492878412997,0.00447645905075785,0.0551996202194394,-2.20991034268784,"Down-regulated (Low in Neurodivergent)","ILMN_1697512","Homo sapiens","RefSeq","ILMN_23046","ILMN_23046","SLC32A1","NM_080552.2","NM_080552.2",140679,40806213,"NM_080552.2","SLC32A1","NP_542119.1",840215,"S",2231,"CAGAGCTCGGAATCTACAGCGTCCAGCCATTTCCAGCAAGAGCGCTTCCC","20","+","36791086-36791135","20q11.23c","Homo sapiens solute carrier family 32 (GABA vesicular transporter), member 1 (SLC32A1), mRNA.","membrane [goid 16020] [evidence IEA]; integral to membrane [goid 16021] [evidence IEA]","neurotransmitter transport [goid 6836] [evidence IEA]","","VIAAT; VGAT","NM_080552.2"
"ILMN_1700183",0.528871408505767,10.2174632125823,2.26645361595811,0.0261125311210752,0.141544564163418,-3.72326344806164,"Up-regulated (High in Neurodivergent)","ILMN_1700183","Homo sapiens","RefSeq","ILMN_139058","ILMN_139058","AGTRL1","NM_005161.2","NM_005161.2",187,34577064,"NM_005161.2","AGTRL1","NP_005152.1",3290402,"S",1637,"TCCTGCCTGGAACTCATCTGTGAACTGGGACAGAAGCAGAGGAGGCTGCC","11","-","56757745-56757794","11q12.1a","Homo sapiens angiotensin II receptor-like 1 (AGTRL1), mRNA.","integral to membrane [goid 16021] [evidence IEA]; membrane [goid 16020] [evidence IEA]; integral to plasma membrane [goid 5887] [pmid 8294032] [evidence TAS]; plasma membrane [goid 5886] [pmid 9792798] [evidence TAS]","signal transduction [goid 7165] [evidence IEA]; G-protein coupled receptor protein signaling pathway [goid 7186] [pmid 9792798] [evidence TAS]","receptor activity [goid 4872] [pmid 9792798] [evidence TAS]; rhodopsin-like receptor activity [goid 1584] [evidence IEA]","FLJ90771; MGC45246; APJ","NM_005161.2"
"ILMN_1701613",0.540833037187817,10.3870344210127,2.69306762845623,0.00861494220023398,0.0776871067308501,-2.77924846784235,"Up-regulated (High in Neurodivergent)","ILMN_1701613","Homo sapiens","RefSeq","ILMN_1164","ILMN_1164","RARRES3","NM_004585.2","NM_004585.2",5920,8051633,"NM_004585.2","RARRES3","NP_004576.1",2650564,"S",478,"GGCCACGGCGCTTGGAATCCTGGTTGTTGCTGGATGCTCTTTTGCGATTA","11","+","63070226-63070275","11q12.3b","Homo sapiens retinoic acid receptor responder (tazarotene induced) 3 (RARRES3), mRNA.","","negative regulation of cell proliferation [goid 8285] [pmid 9843971] [evidence TAS]","","MGC8906; TIG3; HRASLS4; RIG1","NM_004585.2"
"ILMN_1705153",-0.831564312794869,11.7488652138734,-5.90628810249211,8.03520493488449e-08,0.000284279105782342,7.71896351300008,"Down-regulated (Low in Neurodivergent)","ILMN_1705153","Homo sapiens","RefSeq","ILMN_9306","ILMN_9306","NEFH","NM_021076.2","NM_021076.2",4744,32483415,"NM_021076.2","NEFH","NP_066554.2",1190719,"S",3533,"GGTCAAGCCCTTGCCCAGAGCTCTCTATTCTGGAAGAGCGGTCCAGGTGG","22","+","28217129-28217178","22q12.2a","Homo sapiens neurofilament, heavy polypeptide 200kDa (NEFH), mRNA.","axon [goid 30424] [pmid 14662745] [evidence TAS]; nucleus [goid 5634] [evidence IEA]; nucleosome [goid 786] [evidence IEA]; neurofilament [goid 5883] [pmid 3138108] [evidence NAS]","nucleosome assembly [goid 6334] [evidence IEA]","DNA binding [goid 3677] [evidence IEA]; structural molecule activity [goid 5198] [evidence IEA]","NFH","NM_021076.2"
"ILMN_1705750",0.524464467316671,9.76681963664557,3.19440750367448,0.00200236921501592,0.0370522940517369,-1.50161184534743,"Up-regulated (High in Neurodivergent)","ILMN_1705750","Homo sapiens","RefSeq","ILMN_7641","ILMN_7641","TGM2","NM_004613.2","NM_004613.2",7052,39777596,"NM_004613.2","TGM2","NP_004604.2",1580435,"I",3605,"CTCCTGCTCTTTCTACATGACTGGGCCTCCCTTGGGCTGGAAGAATTGGG","20","-","36190544-36190593","20q11.23c","Homo sapiens transglutaminase 2 (C polypeptide, protein-glutamine-gamma-glutamyltransferase) (TGM2), transcript variant 1, mRNA.","cytosol [goid 5829] [evidence ISS]; extracellular matrix (sensu Metazoa) [goid 5578] [evidence ISS]; membrane [goid 16020] [evidence ISS]","G-protein coupled receptor protein signaling pathway [goid 7186] [evidence ISS]; peptide cross-linking [goid 18149] [evidence ISS]; positive regulation of cell adhesion [goid 45785] [evidence ISS]","acyltransferase activity [goid 8415] [evidence IEA]; transferase activity [goid 16740] [evidence IEA]; calcium ion binding [goid 5509] [evidence ISS]; protein-glutamine gamma-glutamyltransferase activity [goid 3810] [evidence ISS]; GTP binding [goid 5525] [evidence ISS]","TGC; TG2","NM_004613.2"
"ILMN_1707137",-0.513833723391027,10.2926287242278,-4.02431180996345,0.00012851071162483,0.00825728753618425,0.9618371861128,"Down-regulated (Low in Neurodivergent)","ILMN_1707137","Homo sapiens","RefSeq","ILMN_7731","ILMN_7731","LOC400566","NM_001013672.2","NM_001013672.2",400566,62177143,"NM_001013672.2","LOC400566","NP_001013694.2",4640161,"I",1744,"ACCTGCTTCTGTTGGCCGGAGGACGATGCCCTGAACCTCTTGGAGCCTTT","17","+","264678-264713","17p13.3g","Homo sapiens hypothetical gene supported by AK128660 (LOC400566), mRNA.","","","","","NM_001013672.2"
"ILMN_1707727",0.522742953178208,10.0033553568354,2.56734243116364,0.0121025988696544,0.0953430875698831,-3.07173510838022,"Up-regulated (High in Neurodivergent)","ILMN_1707727","Homo sapiens","RefSeq","ILMN_20440","ILMN_20440","ANGPTL4","NM_139314.1","NM_139314.1",51129,21536397,"NM_139314.1","ANGPTL4","NP_647475.1",4610433,"A",1828,"GGGACACAAGCAGGCGCCAATGGTATCTGGGCGGAGCTCACAGAGTTCTT","19","+","8345182-8345231","19p13.2d","Homo sapiens angiopoietin-like 4 (ANGPTL4), transcript variant 1, mRNA.","extracellular region [goid 5576] [pmid 10698685] [evidence IEP]; extracellular region [goid 5576] [pmid 10698685] [evidence IEP]","angiogenesis [goid 1525] [evidence IEA]; positive regulation of angiogenesis [goid 45766] [pmid 11953136] [evidence IDA]; negative regulation of lipoprotein lipase activity [goid 51005] [evidence ISS]; negative regulation of apoptosis [goid 43066] [pmid 10698685] [evidence IDA]; cell differentiation [goid 30154] [evidence IEA]; positive regulation of lipid metabolism [goid 45834] [evidence ISS]; response to hypoxia [goid 1666] [pmid 12707035] [evidence NAS]; cellular response to starvation [goid 9267] [evidence ISS]; angiogenesis [goid 1525] [evidence IEA]; positive regulation of angiogenesis [goid 45766] [pmid 11953136] [evidence IDA]; negative regulation of lipoprotein lipase activity [goid 51005] [evidence ISS]; negative regulation of apoptosis [goid 43066] [pmid 10698685] [evidence IDA]; cell differentiation [goid 30154] [evidence IEA]; positive regulation of lipid metabolism [goid 45834] [evidence ISS]; response to hypoxia [goid 1666] [pmid 12707035] [evidence NAS]; cellular response to starvation [goid 9267] [evidence ISS]","enzyme inhibitor activity [goid 4857] [evidence ISS]; enzyme inhibitor activity [goid 4857] [evidence ISS]","HFARP; ANGPTL2; PGAR; NL2; pp1158; PPARG; ARP4; FIAF","NM_139314.1"
"ILMN_1708934",0.636109758639746,10.0577325151392,2.8539277940237,0.00549078346176893,0.0609902249797228,-2.38829444619734,"Up-regulated (High in Neurodivergent)","ILMN_1708934","Homo sapiens","RefSeq","ILMN_29514","ILMN_29514","ADM","NM_001124.1","NM_001124.1",133,4501944,"NM_001124.1","ADM","NP_001115.1",5670465,"S",1295,"GTCTCAGCGAGGTGTAAAGTTGTTCGCCGCGTGGAATGTGAGTGTGTTTG","11","+","10285345-10285394","11p15.4a","Homo sapiens adrenomedullin (ADM), mRNA.","extracellular region [goid 5576] [evidence IEA]; extracellular space [goid 5615] [pmid 10822232] [evidence TAS]; soluble fraction [goid 5625] [pmid 10822232] [evidence TAS]","progesterone biosynthesis [goid 6701] [pmid 10822232] [evidence TAS]; response to wounding [goid 9611] [pmid 8524787] [evidence TAS]; cell-cell signaling [goid 7267] [pmid 8074714] [evidence TAS]; circulation [goid 8015] [pmid 8074714] [evidence TAS]; pregnancy [goid 7565] [pmid 10822232] [evidence TAS]; cAMP biosynthesis [goid 6171] [pmid 8074714] [evidence TAS]; excretion [goid 7588] [evidence NR ]; signal transduction [goid 7165] [pmid 10822232] [evidence TAS]","hormone activity [goid 5179] [evidence IEA]","AM","NM_001124.1"
"ILMN_1711566",0.67824240937051,11.1676323296582,3.25605650229643,0.00165521357728965,0.0334032308262726,-1.33283721777427,"Up-regulated (High in Neurodivergent)","ILMN_1711566","Homo sapiens","RefSeq","ILMN_3162","ILMN_3162","TIMP1","NM_003254.2","NM_003254.2",7076,73858576,"NM_003254.2","TIMP1","NP_003245.1",7650433,"S",791,"AGTCCCTGCGGTCCCAGATAGCCTGAATCCTGCCCGGAGTGGAAGCTGAA","X","+","47331009-47331034:47331035-47331058","Xp11.23f","Homo sapiens TIMP metallopeptidase inhibitor 1 (TIMP1), mRNA.","extracellular matrix (sensu Metazoa) [goid 5578] [evidence IEA]; extracellular region [goid 5576] [pmid 1653055] [evidence NAS]","positive regulation of cell proliferation [goid 8284] [pmid 3839290] [evidence TAS]; development [goid 7275] [evidence NR ]; negative regulation of membrane protein ectodomain proteolysis [goid 51045] [pmid 12714508] [evidence IDA]; erythrocyte maturation [goid 43249] [evidence IEA]","protein binding [goid 5515] [pmid 2251898] [evidence IPI]; enzyme inhibitor activity [goid 4857] [evidence IEA]; metalloendopeptidase inhibitor activity [goid 8191] [pmid 12714508] [evidence IDA]","TIMP; FLJ90373; CLGI; EPA; EPO; HCI","NM_003254.2"
"ILMN_1716019",-0.572940986173075,10.7658709779367,-3.0895216519042,0.00275355184584679,0.043647131508042,-1.78306745842374,"Down-regulated (Low in Neurodivergent)","ILMN_1716019","Homo sapiens","RefSeq","ILMN_7496","ILMN_7496","RHBDL3","NM_138328.2","NM_138328.2",162494,75750481,"NM_138328.2","RHBDL3","NP_612201.1",3370725,"S",4467,"CGGTTCTCCTCTGCCTTAAAAACAGTGCCCAACAGTGAACTGCCCCTCCG","17","+","27675599-27675648","17q11.2d","Homo sapiens rhomboid, veinlet-like 3 (Drosophila) (RHBDL3), mRNA.","membrane [goid 16020] [evidence IEA]; integral to membrane [goid 16021] [evidence IEA]","","serine-type endopeptidase activity [goid 4252] [evidence IEA]; peptidase activity [goid 8233] [evidence IEA]; calcium ion binding [goid 5509] [evidence IEA]","RHBDL4; FLJ45582; MGC119300; MGC119301; VRHO","NM_138328.2"
"ILMN_1720282",0.692937398187825,10.4168963056835,3.12407738528831,0.00248107879188875,0.0415317751613616,-1.69113887611693,"Up-regulated (High in Neurodivergent)","ILMN_1720282","Homo sapiens","RefSeq","ILMN_27575","ILMN_27575","NQO1","NM_000903.2","NM_000903.2",1728,70995356,"NM_000903.2","NQO1","NP_000894.1",5360347,"A",2435,"GGCACTGGTGGTTTTTGCTCTCGACAGTATCCACAATAGCTGACGGCTGG","16","-","68300911-68300960","16q22.1e","Homo sapiens NAD(P)H dehydrogenase, quinone 1 (NQO1), transcript variant 1, mRNA.","cytoplasm [goid 5737] [pmid 2843525] [evidence TAS]","nitric oxide biosynthesis [goid 6809] [pmid 9579781] [evidence TAS]; response to toxin [goid 9636] [pmid 10393963] [evidence TAS]; xenobiotic metabolism [goid 6805] [pmid 10393963] [evidence TAS]; synaptic transmission, cholinergic [goid 7271] [pmid 9579781] [evidence TAS]; electron transport [goid 6118] [evidence IEA]","oxidoreductase activity [goid 16491] [evidence IEA]; cytochrome-b5 reductase activity [goid 4128] [pmid 9579781] [evidence TAS]; NAD(P)H dehydrogenase (quinone) activity [goid 3955] [pmid 10393963] [evidence TAS]","NMOR1; NMORI; DHQU; DIA4; DTD; QR1","NM_000903.2"
"ILMN_1720829",0.563867026052561,10.0608619294304,2.26101630279761,0.0264623357096748,0.142616423395318,-3.73439095577669,"Up-regulated (High in Neurodivergent)","ILMN_1720829","Homo sapiens","RefSeq","ILMN_1557","ILMN_1557","ZFP36","NM_003407.1","NM_003407.1",7538,4507960,"NM_003407.1","ZFP36","NP_003398.1",2900348,"S",1415,"CCAGTGTCTCCTGGTAACTGGAACCTCTCCTGAGGGGGAATCCTGGTGCT","19","+","44591555-44591604","19q13.2a","Homo sapiens zinc finger protein 36, C3H type, homolog (mouse) (ZFP36), mRNA.","cytoplasm [goid 5737] [pmid 9703499] [evidence TAS]; cytosol [goid 5829] [pmid 10751406] [evidence IDA]; nucleus [goid 5634] [evidence IEA]","mRNA catabolism [goid 6402] [pmid 11782475] [evidence IDA]","protein binding [goid 5515] [pmid 15231747] [evidence IPI]; metal ion binding [goid 46872] [evidence IEA]; zinc ion binding [goid 8270] [evidence IEA]; DNA binding [goid 3677] [evidence IEA]; mRNA binding [goid 3729] [pmid 11782475] [evidence IDA]; single-stranded RNA binding [goid 3727] [pmid 9703499] [evidence TAS]","NUP475; GOS24; TIS11; TTP; G0S24; RNF162A","NM_003407.1"
"ILMN_1723480",0.542986698547432,9.67943436094937,4.00197060113282,0.000139045976413539,0.00849292823933897,0.890470012042551,"Up-regulated (High in Neurodivergent)","ILMN_1723480","Homo sapiens","RefSeq","ILMN_21302","ILMN_21302","BST2","NM_004335.2","NM_004335.2",684,7262372,"NM_004335.2","BST2","NP_004326.1",4900674,"S",827,"GCATGGGGTGCGGTGTGGGGGGCATGTGCTGCCTGTTGTTATGGGTTTTT","19","-","17374817-17374866","19p13.11d","Homo sapiens bone marrow stromal cell antigen 2 (BST2), mRNA.","integral to plasma membrane [goid 5887] [pmid 7607676] [evidence TAS]; membrane [goid 16020] [evidence IEA]","positive regulation of I-kappaB kinase/NF-kappaB cascade [goid 43123] [pmid 12761501] [evidence IMP]; cell proliferation [goid 8283] [pmid 7607676] [evidence TAS]; development [goid 7275] [pmid 7607676] [evidence TAS]; humoral immune response [goid 6959] [pmid 7607676] [evidence TAS]; cell-cell signaling [goid 7267] [pmid 7607676] [evidence TAS]","signal transducer activity [goid 4871] [pmid 12761501] [evidence IMP]","CD317","NM_004335.2"
"ILMN_1728301",-0.705939144897426,11.1526427568228,-3.270151252261,0.00158419188567015,0.0327638059966364,-1.29390801502661,"Down-regulated (Low in Neurodivergent)","ILMN_1728301","Homo sapiens","RefSeq","ILMN_24471","ILMN_24471","GAD2","NM_000818.1","NM_000818.1",2572,4503874,"NM_000818.1","GAD2","NP_000809.1",7210736,"S",2058,"CAGCTGCCAAAATCGTAGGTGTTGGCTCTGCTGGTCACTGGAGTAGTTGC","10","+","26633089-26633138","10p12.1b","Homo sapiens glutamate decarboxylase 2 (pancreatic islets and brain, 65kDa) (GAD2), mRNA.","membrane [goid 16020] [evidence IEA]","glutamate decarboxylation to succinate [goid 6540] [pmid 1549570] [evidence TAS]; neurotransmitter biosynthesis [goid 42136] [evidence IEA]; synaptic transmission [goid 7268] [pmid 8954991] [evidence TAS]; carboxylic acid metabolism [goid 19752] [evidence IEA]","lyase activity [goid 16829] [evidence IEA]; carboxy-lyase activity [goid 16831] [evidence IEA]; glutamate decarboxylase activity [goid 4351] [evidence IEA]; protein binding [goid 5515] [pmid 10671565] [evidence IPI]","MGC161607; GAD65; MGC161605","NM_000818.1"
"ILMN_1728478",0.594323458916028,10.1472514673038,4.77909551847796,7.82763706646154e-06,0.00199213363341446,3.51195492186214,"Up-regulated (High in Neurodivergent)","ILMN_1728478","Homo sapiens","RefSeq","ILMN_29805","ILMN_29805","CXCL16","NM_022059.1","NM_022059.1",58191,11545764,"NM_022059.1","CXCL16","NP_071342.1",6280332,"S",2081,"CCATACGGGTTGGTTTCACCTCCTCAGTCCCTTGCCTACCCCAGTGAGAG","17","-","4583661-4583710","17p13.2c","Homo sapiens chemokine (C-X-C motif) ligand 16 (CXCL16), mRNA.","integral to membrane [goid 16021] [pmid 11290797] [evidence NAS]; extracellular region [goid 5576] [pmid 11017100] [evidence NAS]; membrane [goid 16020] [pmid 11060282] [evidence TAS]; extracellular space [goid 5615] [evidence IEA]","lymphocyte chemotaxis [goid 48247] [pmid 11017100] [evidence NAS]; chemotaxis [goid 6935] [pmid 11290797] [evidence NAS]; receptor mediated endocytosis [goid 6898] [pmid 11060282] [evidence NAS]","scavenger receptor activity [goid 5044] [pmid 11060282] [evidence TAS]; low-density lipoprotein receptor activity [goid 5041] [evidence ISS]; chemokine activity [goid 8009] [evidence ISS]","SRPSOX; CXCLG16; SR-PSOX","NM_022059.1"
"ILMN_1730201",0.60161428601282,11.9665818421519,4.06022568809565,0.000113163091212513,0.00821923248543878,1.07709743715301,"Up-regulated (High in Neurodivergent)","ILMN_1730201","Homo sapiens","RefSeq","ILMN_28503","ILMN_28503","DTNA","NM_001392.3","NM_001392.3",1837,42717993,"NM_001392.3","DTNA","NP_001383.2",6350164,"I",1629,"CTTTCTGTCACCACAGAGATTGGCCTACGGTTTCTGTTTTGAGGGTGCTG","18","+","30663213-30663262","18q12.1g","Homo sapiens dystrobrevin, alpha (DTNA), transcript variant 7, mRNA.","synapse [goid 45202] [evidence IEA]; synapse [goid 45202] [evidence IEA]","striated muscle contraction [goid 6941] [pmid 10767327] [evidence TAS]; neuromuscular synaptic transmission [goid 7274] [pmid 9119373] [evidence TAS]; signal transduction [goid 7165] [pmid 10767327] [evidence TAS]; striated muscle contraction [goid 6941] [pmid 10767327] [evidence TAS]; neuromuscular synaptic transmission [goid 7274] [pmid 9119373] [evidence TAS]; signal transduction [goid 7165] [pmid 10767327] [evidence TAS]","zinc ion binding [goid 8270] [evidence IEA]; calcium ion binding [goid 5509] [evidence IEA]; protein binding [goid 5515] [pmid 11353857] [evidence IPI]; zinc ion binding [goid 8270] [evidence IEA]; calcium ion binding [goid 5509] [evidence IEA]; protein binding [goid 5515] [pmid 11353857] [evidence IPI]","D18S892E; DTN; LVNC1; DRP3","NM_001392.3"
"ILMN_1735502",0.799621467197428,11.1922304369367,4.98200353705778,3.54191659244739e-06,0.00129568540431401,4.23852772893897,"Up-regulated (High in Neurodivergent)","ILMN_1735502","Homo sapiens","RefSeq","ILMN_8275","ILMN_8275","MGC33846","NM_175885.3","NM_175885.3",220382,54873601,"NM_175885.3","MGC33846","NP_787081.2",4730242,"S",1719,"GCTGGCTTCTGTAGCCACCTGTCCCTTCTATTTTTCAGCGAAGGTCAGTG","11","-","82120786-82120835","11q14.1d","Homo sapiens hypothetical protein MGC33846 (MGC33846), mRNA.","","","","","NM_175885.3"
"ILMN_1737611",-0.778800581737176,12.1110250319873,-4.31927334678021,4.43879724160313e-05,0.00502077287994666,1.92740231109742,"Down-regulated (Low in Neurodivergent)","ILMN_1737611","Homo sapiens","RefSeq","ILMN_10438","ILMN_10438","VAMP1","NM_016830.2","NM_016830.2",6843,40549443,"NM_016830.2","VAMP1","NP_058439.1",6650639,"A",889,"CATCCCGTTCTTCGGTTTGCCATGAGACGATGTGGGGTTTCCACTGTGTG","12","-","6441817-6441866","12p13.31d","Homo sapiens vesicle-associated membrane protein 1 (synaptobrevin 1) (VAMP1), transcript variant 3, mRNA.","synapse [goid 45202] [evidence IEA]; integral to membrane [goid 16021] [evidence IEA]; synaptic vesicle [goid 8021] [evidence NR ]; integral to plasma membrane [goid 5887] [pmid 1976629] [evidence TAS]; membrane [goid 16020] [evidence IEA]; mitochondrion [goid 5739] [evidence IEA]; synaptosome [goid 19717] [evidence IEA]","vesicle-mediated transport [goid 16192] [evidence IEA]","","VAMP-1; SYB1; DKFZp686H12131","NM_016830.2"
"ILMN_1740015",0.53460716770449,9.38617507465823,3.03174880490801,0.00327206979368172,0.0473261276710406,-1.93498175336896,"Up-regulated (High in Neurodivergent)","ILMN_1740015","Homo sapiens","RefSeq","ILMN_2570","ILMN_2570","CD14","NM_000591.1","NM_000591.1",929,4557416,"NM_000591.1","CD14","NP_000582.1",7000369,"S",1059,"CAGCCTGACGAGCTGCCCGAGGTGGATAACCTGACACTGGACGGGAATCC","5","-","139991759-139991808","5q31.3b","Homo sapiens CD14 antigen (CD14), mRNA.","extrinsic to membrane [goid 19898] [evidence NR ]; plasma membrane [goid 5886] [pmid 9548256] [evidence TAS]","cell surface receptor linked signal transduction [goid 7166] [pmid 8798531] [evidence TAS]; apoptosis [goid 6915] [pmid 9548256] [evidence TAS]; phagocytosis [goid 6909] [pmid 9548256] [evidence TAS]; inflammatory response [goid 6954] [evidence IEA]","peptidoglycan receptor activity [goid 16019] [pmid 8798531] [evidence TAS]","","NM_000591.1"
"ILMN_1748983",-0.580100746572437,11.3546037871013,-2.22087577387576,0.0291747704568725,0.151013310171654,-3.81581423905691,"Down-regulated (Low in Neurodivergent)","ILMN_1748983","Homo sapiens","RefSeq","ILMN_19851","ILMN_19851","RTN4","NM_007008.2","NM_007008.2",57142,47519538,"NM_007008.2","RTN4","NP_008939.1",6770189,"I",70,"CTGCAGTTGTGCAGCAGAGGAGACTGCAGACTTCGGTTGAGGAAACGGGT","2","-","55090855-55090904","2p16.1d","Homo sapiens reticulon 4 (RTN4), transcript variant 3, mRNA.","integral to endoplasmic reticulum membrane [goid 30176] [pmid 10667797] [evidence IEP]; endoplasmic reticulum [goid 5783] [pmid 11126360] [evidence NAS]; membrane [goid 16020] [evidence IEA]; integral to membrane [goid 16021] [evidence IEA]; integral to endoplasmic reticulum membrane [goid 30176] [pmid 10667797] [evidence IEP]; endoplasmic reticulum [goid 5783] [pmid 11126360] [evidence NAS]; membrane [goid 16020] [evidence IEA]; integral to membrane [goid 16021] [evidence IEA]","regulation of apoptosis [goid 42981] [pmid 11126360] [evidence NAS]; negative regulation of axon extension [goid 30517] [pmid 10667797] [evidence IDA]; negative regulation of anti-apoptosis [goid 19987] [pmid 11126360] [evidence IMP]; regulation of apoptosis [goid 42981] [pmid 11126360] [evidence NAS]; negative regulation of axon extension [goid 30517] [pmid 10667797] [evidence IDA]; negative regulation of anti-apoptosis [goid 19987] [pmid 11126360] [evidence IMP]","protein binding [goid 5515] [pmid 11126360] [evidence IPI]; protein binding [goid 5515] [pmid 11126360] [evidence IPI]","RTN4-B1; Nbla10545; RTN-X; NSP; ASY; RTN4-A; NSP-CL; Nbla00271; NI220/250; RTN4-C; RTN4-B2; NOGO-A; NOGO","NM_007008.2"
"ILMN_1753143",0.533489010897428,10.9341127127215,3.70690764019903,0.000384242556128662,0.0144873674866288,-0.0271772601748292,"Up-regulated (High in Neurodivergent)","ILMN_1753143","Homo sapiens","RefSeq","ILMN_19962","ILMN_19962","RHPN2","NM_033103.3","NM_033103.3",85415,37059770,"NM_033103.3","RHPN2","NP_149094.2",5960475,"S",3424,"CACCTTTGGGAAAGTGTATCTGCTGCTCCTAGGGCCATGCTTGTATACAT","19","-","38161365-38161414","19q13.11a-q13.11b","Homo sapiens rhophilin, Rho GTPase binding protein 2 (RHPN2), mRNA.","intracellular [goid 5622] [evidence IEA]","signal transduction [goid 7165] [evidence IEA]","protein binding [goid 5515] [evidence IEA]","p76RBE; RhoBP","NM_033103.3"
"ILMN_1756982",0.642082477604484,9.59980402422785,4.13509114906039,8.66316095353174e-05,0.00748067956165432,1.31946295643862,"Up-regulated (High in Neurodivergent)","ILMN_1756982","Homo sapiens","RefSeq","ILMN_29900","ILMN_29900","CLIC1","NM_001288.4","NM_001288.4",1192,48375182,"NM_001288.4","CLIC1","NP_001279.2",3450072,"S",952,"GAGCTCGCCTATGAGCAAGTGGCAAAGGCCCTCAAATAAGCCCCTCCTGG","6","-","31806586-31806597:31806598-31806635","6p21.33a","Homo sapiens chloride intracellular channel 1 (CLIC1), mRNA.","membrane fraction [goid 5624] [pmid 10793131] [evidence IDA]; nucleus [goid 5634] [pmid 16130169] [evidence TAS]; membrane [goid 16020] [evidence IEA]; brush border [goid 5903] [pmid 10793131] [evidence TAS]; soluble fraction [goid 5625] [pmid 10793131] [evidence IDA]; cytoplasm [goid 5737] [pmid 10793131] [evidence IDA]","ion transport [goid 6811] [evidence IEA]; chloride transport [goid 6821] [pmid 9139710] [evidence IDA]; signal transduction [goid 7165] [pmid 16130169] [evidence TAS]","voltage-gated chloride channel activity [goid 5247] [evidence IEA]; protein binding [goid 5515] [pmid 14667819] [evidence IPI]","NCC27; G6","NM_001288.4"
"ILMN_1767556",0.732044029032695,9.67939840173418,3.19620005857825,0.00199137949901537,0.0370522940517369,-1.49673904947762,"Up-regulated (High in Neurodivergent)","ILMN_1767556","Homo sapiens","RefSeq","ILMN_8623","ILMN_8623","C10ORF10","NM_007021.2","NM_007021.2",11067,38570048,"NM_007021.2","C10orf10","NP_008952.1",2900747,"S",1695,"TGGCAGCAAGAAGGTGAGGCATCAGGGAACGGGAATCAGGCTGGGACTGA","10","-","44791957-44792006","10q11.21c","Homo sapiens chromosome 10 open reading frame 10 (C10orf10), mRNA.","mitochondrion [goid 5739] [pmid 11256614] [evidence IDA]","","","FIG; DEPP","NM_007021.2"
"ILMN_1770338",0.554670034775645,11.4426183327975,2.89720609811075,0.00484995338827557,0.0572619496693051,-2.27997937711126,"Up-regulated (High in Neurodivergent)","ILMN_1770338","Homo sapiens","RefSeq","ILMN_6834","ILMN_6834","TM4SF1","NM_014220.2","NM_014220.2",4071,62422580,"NM_014220.2","TM4SF1","NP_055035.1",2680110,"S",1586,"GATCAGCATCATTGGAACATGGGGACGAGTGACGGCAGGAGGACCACGAG","3","-","150569550-150569599","3q25.1a","Homo sapiens transmembrane 4 L six family member 1 (TM4SF1), mRNA.","integral to plasma membrane [goid 5887] [pmid 7510285] [evidence IDA]; membrane [goid 16020] [evidence IEA]; integral to membrane [goid 16021] [evidence IEA]","","","M3S1; L6; H-L6; TAAL6","NM_014220.2"
"ILMN_1772627",-0.643581472910254,12.9837661205063,-4.13274241843234,8.73644087641358e-05,0.00748067956165432,1.31181675515234,"Down-regulated (Low in Neurodivergent)","ILMN_1772627","Homo sapiens","RefSeq","ILMN_9299","ILMN_9299","D4S234E","NM_014392.2","NM_014392.2",27065,36951161,"NM_014392.2","D4S234E","NP_055207.1",2750475,"S",1252,"TTGGCGCAGCGGTGTGCATCAGAGGCGTGTGCTGAGAAGGGTGGTGTTAA","4","+","4471438-4471487","4p16.2b","Homo sapiens DNA segment on chromosome 4 (unique) 234 expressed sequence (D4S234E), mRNA.","integral to membrane [goid 16021] [evidence IEA]; Golgi stack [goid 5795] [evidence IEA]; cytoplasm [goid 5737] [pmid 9013775] [evidence TAS]; nucleus [goid 5634] [pmid 9013775] [evidence TAS]","dopamine receptor signaling pathway [goid 7212] [evidence IEA]","dopamine receptor binding [goid 50780] [evidence IEA]","NEEP21; D4S234; P21; NSG1","NM_014392.2"
"ILMN_1775304",0.556055962621794,11.1720430720253,3.67087498192695,0.000433645900474432,0.0152810143851798,-0.135951108979392,"Up-regulated (High in Neurodivergent)","ILMN_1775304","Homo sapiens","RefSeq","ILMN_19740","ILMN_19740","DNAJB1","NM_006145.1","NM_006145.1",3337,5453689,"NM_006145.1","DNAJB1","NP_006136.1",60079,"S",1788,"CATTTCTGTAAGGCAATCTTGGCACACGTGGGGCTTACCAGTGGCCCAGG","19","-","14486977-14487026","19p13.12c","Homo sapiens DnaJ (Hsp40) homolog, subfamily B, member 1 (DNAJB1), mRNA.","nucleus [goid 5634] [evidence IEA]","protein folding [goid 6457] [evidence IEA]; response to unfolded protein [goid 6986] [pmid 8975727] [evidence TAS]","heat shock protein binding [goid 31072] [evidence IEA]; unfolded protein binding [goid 51082] [evidence IEA]","Hsp40; HSPF1; Hdj1","NM_006145.1"
"ILMN_1779428",-0.557995499275647,10.6173980006962,-5.53696441442075,3.76162709822961e-07,0.000316190152366728,6.29836732224254,"Down-regulated (Low in Neurodivergent)","ILMN_1779428","Homo sapiens","RefSeq","ILMN_30286","ILMN_30286","LOC387856","NM_001013635.2","NM_001013635.2",387856,62177141,"NM_001013635.2","LOC387856","NP_001013657.2",5550259,"A",1958,"GTCAATATGTCCTTGCCCACTGCCTCTCGGTGTTGCCTTCATAATGTCTT","12","+","46865623-46865672","12q13.11c","Homo sapiens similar to expressed sequence AI836003 (LOC387856), mRNA.","cytoplasm [goid 5737] [pmid 11256614] [evidence IDA]; cytoplasm [goid 5737] [pmid 11256614] [evidence IDA]","","","","NM_001013635.2"
"ILMN_1782050",0.662816550616666,11.2061174128987,3.10346213254869,0.00264044067193573,0.0427415502407689,-1.74607689805038,"Up-regulated (High in Neurodivergent)","ILMN_1782050","Homo sapiens","RefSeq","ILMN_6563","ILMN_6563","CEBPD","NM_005195.2","NM_005195.2",1052,28872797,"NM_005195.2","CEBPD","NP_005186.2",5490408,"S",992,"CGCCGGGTGCCCGCTGCAGTTTCTTGGGACATAGGAGCGCAAAGAAGCTA","8","-","48812282-48812331","8q11.21a","Homo sapiens CCAAT/enhancer binding protein (C/EBP), delta (CEBPD), mRNA.","nucleus [goid 5634] [evidence IEA]","regulation of transcription, DNA-dependent [goid 6355] [evidence IEA]; transcription [goid 6350] [evidence IEA]; transcription from RNA polymerase II promoter [goid 6366] [pmid 8314590] [evidence TAS]","DNA binding [goid 3677] [evidence IEA]","NF-IL6-beta; C/EBP-delta; CELF; CRP3","NM_005195.2"
"ILMN_1782788",0.712228253076285,10.7618297207595,3.33465396277191,0.00129414476392021,0.0297416469109554,-1.11414687104214,"Up-regulated (High in Neurodivergent)","ILMN_1782788","Homo sapiens","RefSeq","ILMN_9039","ILMN_9039","CSDA","NM_003651.3","NM_003651.3",8531,21359983,"NM_003651.3","CSDA","NP_003642.2",2320129,"S",1550,"CCTGCACGGAAGACAAGAGAGTAGCCTCTCCAGTTTCAGCAACCGCTAGG","12","-","10743268-10743317","12p13.2c","Homo sapiens cold shock domain protein A (CSDA), mRNA.","nucleus [goid 5634] [evidence IEA]; cytoplasm [goid 5737] [pmid 7628487] [evidence TAS]","transcription [goid 6350] [evidence IEA]; response to cold [goid 9409] [pmid 8710501] [evidence TAS]; regulation of transcription, DNA-dependent [goid 6355] [evidence IEA]; negative regulation of transcription from RNA polymerase II promoter [goid 122] [pmid 8710501] [evidence TAS]","RNA polymerase II transcription factor activity [goid 3702] [pmid 8710501] [evidence TAS]; transcription corepressor activity [goid 3714] [pmid 8710501] [evidence TAS]; transcription factor activity [goid 3700] [pmid 8710501] [evidence NAS]; DNA binding [goid 3677] [evidence IEA]; double-stranded DNA binding [goid 3690] [pmid 2977358] [evidence TAS]","CSDA1; DBPA; ZONAB","NM_003651.3"
"ILMN_1784602",0.764403399394229,10.0861107508734,3.22907594686174,0.00179956280075537,0.0347839543892841,-1.40700213316727,"Up-regulated (High in Neurodivergent)","ILMN_1784602","Homo sapiens","RefSeq","ILMN_5895","ILMN_5895","CDKN1A","NM_078467.1","NM_078467.1",1026,17978494,"NM_078467.1","CDKN1A","NP_510867.1",4230201,"A",2121,"GTCCTGGTTCCCGTTTCTCCACCTAGACTGTAAACCTCTCGAGGGCAGGG","6","+","36762946-36762995","6p21.31a","Homo sapiens cyclin-dependent kinase inhibitor 1A (p21, Cip1) (CDKN1A), transcript variant 2, mRNA.","nucleus [goid 5634] [pmid 9660939] [evidence TAS]; nucleus [goid 5634] [pmid 9660939] [evidence TAS]","induction of apoptosis by intracellular signals [goid 8629] [pmid 9660939] [evidence TAS]; cell cycle arrest [goid 7050] [pmid 9822382] [evidence TAS]; cell cycle [goid 7049] [evidence IEA]; negative regulation of cell proliferation [goid 8285] [pmid 10692450] [evidence TAS]; induction of apoptosis by intracellular signals [goid 8629] [pmid 9660939] [evidence TAS]; cell cycle arrest [goid 7050] [pmid 9822382] [evidence TAS]; cell cycle [goid 7049] [evidence IEA]; negative regulation of cell proliferation [goid 8285] [pmid 10692450] [evidence TAS]","metal ion binding [goid 46872] [evidence IEA]; protein kinase activity [goid 4672] [evidence NR ]; cyclin-dependent protein kinase inhibitor activity [goid 4861] [pmid 8242751] [evidence TAS]; kinase activity [goid 16301] [evidence IEA]; protein binding [goid 5515] [pmid 15232106] [evidence IPI]; zinc ion binding [goid 8270] [evidence IEA]; metal ion binding [goid 46872] [evidence IEA]; protein kinase activity [goid 4672] [evidence NR ]; cyclin-dependent protein kinase inhibitor activity [goid 4861] [pmid 8242751] [evidence TAS]; kinase activity [goid 16301] [evidence IEA]; protein binding [goid 5515] [pmid 15232106] [evidence IPI]; zinc ion binding [goid 8270] [evidence IEA]","P21; MDA-6; SDI1; p21CIP1; CIP1; CDKN1; WAF1; CAP20","NM_078467.1"
"ILMN_1785902",0.773276178223076,9.77251501778481,3.38285791702874,0.00111082761145491,0.0272276629133088,-0.978104952338042,"Up-regulated (High in Neurodivergent)","ILMN_1785902","Homo sapiens","RefSeq","ILMN_18780","ILMN_18780","C1QC","NM_172369.2","NM_172369.2",714,56786154,"NM_172369.2","C1QC","NP_758957.2",1440341,"S",753,"ATGGTGGGCATCCAGGGCTCTGACAGCGTCTTCTCCGGCTTCCTGCTCTT","1","+","22846804-22846853","1p36.12a","Homo sapiens complement component 1, q subcomponent, C chain (C1QC), mRNA.","extracellular region [goid 5576] [pmid 9777412] [evidence NAS]; cytoplasm [goid 5737] [evidence IEA]","innate immune response [goid 45087] [evidence IEA]; phosphate transport [goid 6817] [evidence IEA]; complement activation, classical pathway [goid 6958] [evidence IEA]","","C1q-C; C1QG; FLJ27103","NM_172369.2"
"ILMN_1788874",1.12838272486538,9.93251278236709,2.67063890029775,0.00916072992615922,0.0809359764546487,-2.83227809414145,"Up-regulated (High in Neurodivergent)","ILMN_1788874","Homo sapiens","RefSeq","ILMN_16107","ILMN_16107","SERPINA3","NM_001085.4","NM_001085.4",12,73858562,"NM_001085.4","SERPINA3","NP_001076.2",6280168,"S",1453,"TGGCATGTGTGGCCCTGTCTGCTTATCCTTGGAAGGTGACAGCGATTCCC","14","+","94160006-94160055","14q32.13b","Homo sapiens serpin peptidase inhibitor, clade A (alpha-1 antiproteinase, antitrypsin), member 3 (SERPINA3), mRNA.","extracellular region [goid 5576] [pmid 14718574] [evidence NAS]; intracellular [goid 5622] [pmid 9880565] [evidence NAS]","regulation of lipid metabolism [goid 19216] [pmid 11835318] [evidence NAS]; acute-phase response [goid 6953] [evidence IEA]; inflammatory response [goid 6954] [pmid 12475184] [evidence NAS]","DNA binding [goid 3677] [pmid 9880565] [evidence IC ]; chymotrypsin inhibitor activity [goid 30569] [pmid 9880565] [evidence NAS]; protein binding [goid 5515] [pmid 14687906] [evidence IPI]","GIG24; GIG25; AACT; MGC88254; ACT","NM_001085.4"
"ILMN_1789007",0.78013846653654,10.158133993962,3.42615846296933,0.000967278407243138,0.0254802547239589,-0.854675968463085,"Up-regulated (High in Neurodivergent)","ILMN_1789007","Homo sapiens","RefSeq","ILMN_14337","ILMN_14337","APOC1","NM_001645.3","NM_001645.3",341,51944963,"NM_001645.3","APOC1","NP_001636.1",3830465,"S",338,"CATGAGGACCTGAAGGGTGACATCCCAGGAGGGGCCTCTGAAATTTCCCA","19","+","50114323-50114327:50114328-50114372","19q13.32a","Homo sapiens apolipoprotein C-I (APOC1), mRNA.","extracellular region [goid 5576] [evidence IEA]; endoplasmic reticulum [goid 5783] [pmid 11256614] [evidence IDA]","lipoprotein metabolism [goid 42157] [evidence IEA]; lipid transport [goid 6869] [evidence IEA]; lipid metabolism [goid 6629] [pmid 2897845] [evidence TAS]","lipid transporter activity [goid 5319] [evidence IEA]","","NM_001645.3"
"ILMN_1789074",0.52819658826923,13.1044992902532,3.22141934762438,0.00184262492899639,0.0354320949687808,-1.42796364668768,"Up-regulated (High in Neurodivergent)","ILMN_1789074","Homo sapiens","RefSeq","ILMN_6623","ILMN_6623","HSPA1A","NM_005345.4","NM_005345.4",3303,26787973,"NM_005345.4","HSPA1A","NP_005336.2",6380717,"S",2154,"GGAGCTTCAAGACTTTGCATTTCCTAGTATTTCTGTTTGTCAGTTCTCAA","6","+","31893469-31893518","6p21.33a","Homo sapiens heat shock 70kDa protein 1A (HSPA1A), mRNA.","","protein folding [goid 6457] [evidence IEA]; response to unfolded protein [goid 6986] [evidence IEA]","ATP binding [goid 5524] [evidence IEA]; nucleotide binding [goid 166] [evidence IEA]; protein binding [goid 5515] [pmid 15735003] [evidence IPI]","HSPA1; HSP70-1; HSPA1B; HSP72","NM_005345.4"
"ILMN_1789166",-0.515680317345513,9.18343306332911,-5.83053746658123,1.10605095695675e-07,0.000284279105782342,7.42477773977041,"Down-regulated (Low in Neurodivergent)","ILMN_1789166","Homo sapiens","RefSeq","ILMN_13682","ILMN_13682","SHD","NM_020209.2","NM_020209.2",56961,42476327,"NM_020209.2","SHD","NP_064594.2",730093,"S",1443,"CTTTTGAGTCCTCGGGCCCAGAATCGTATCCCAAAGCCCTCCCATGGCCT","19","+","4241648-4241697","19p13.3d","Homo sapiens Src homology 2 domain containing transforming protein D (SHD), mRNA.","","intracellular signaling cascade [goid 7242] [evidence IEA]","","","NM_020209.2"
"ILMN_1789505",-0.581514675403843,12.1018850691772,-3.50713503200128,0.000744555069219122,0.0213843684770708,-0.620785239167201,"Down-regulated (Low in Neurodivergent)","ILMN_1789505","Homo sapiens","RefSeq","ILMN_12245","ILMN_12245","ITPR1","NM_002222.1","NM_002222.1",3708,10835022,"NM_002222.1","ITPR1","NP_002213.1",3990646,"S",8888,"CTGGTGATGCTGTTTCTCGTTAGTGGCAGTAGTGCCTCCGTCTCCTAGTG","3","+","4863464-4863513","3p26.2a","Homo sapiens inositol 1,4,5-triphosphate receptor, type 1 (ITPR1), mRNA.","endoplasmic reticulum membrane [goid 5789] [evidence NAS]; endoplasmic reticulum [goid 5783] [pmid 8648241] [evidence NAS]; membrane [goid 16020] [evidence IEA]; integral to plasma membrane [goid 5887] [pmid 8132516] [evidence TAS]","calcium ion transport [goid 6816] [pmid 7852357] [evidence NAS]; signal transduction [goid 7165] [pmid 8648241] [evidence NAS]; ion transport [goid 6811] [evidence IEA]","protein binding [goid 5515] [pmid 15652484] [evidence IPI]; calcium channel activity [goid 5262] [evidence IEA]; calcium ion binding [goid 5509] [evidence IEA]; inositol 1,4,5-triphosphate-sensitive calcium-release channel activity [goid 5220] [evidence IEA]; inositol-1,4,5-triphosphate receptor activity [goid 8095] [pmid 8648241] [evidence TAS]; ion channel activity [goid 5216] [evidence IEA]; calcium ion transporter activity [goid 15085] [pmid 7500840] [evidence TAS]","IP3R1; Insp3r1; IP3R","NM_002222.1"
"ILMN_1796409",0.788386680061542,10.4443794863165,3.06334793917301,0.0029781933152464,0.045325925505461,-1.85216864121538,"Up-regulated (High in Neurodivergent)","ILMN_1796409","Homo sapiens","RefSeq","ILMN_138070","ILMN_138070","C1QB","NM_000491.2","NM_000491.2",713,11038661,"NM_000491.2","C1QB","NP_000482.2",5910019,"S",736,"CAGGCCACCGACAAGAACTCACTACTGGGCATGGAGGGTGCCAACAGCAT","1","+","22860377-22860426","1p36.12a","Homo sapiens complement component 1, q subcomponent, beta polypeptide (C1QB), mRNA.","complement component C1q complex [goid 5602] [pmid 1706597] [evidence TAS]; cytoplasm [goid 5737] [evidence IEA]","immune response [goid 6955] [evidence IEA]; phosphate transport [goid 6817] [evidence IEA]; complement activation, classical pathway [goid 6958] [evidence IEA]","","","NM_000491.2"
"ILMN_1801302",-0.796076609680769,10.7446553971646,-3.69063473174027,0.000405851274102675,0.0147555927513044,-0.0763925719334804,"Down-regulated (Low in Neurodivergent)","ILMN_1801302","Homo sapiens","RefSeq","ILMN_6044","ILMN_6044","SCN1B","NM_199037.2","NM_199037.2",6324,47157335,"NM_199037.2","SCN1B","NP_950238.1",6560154,"A",557,"CGTCTACCGCCTGCTCTTCTTCGAAAACTACGAGCACAACACCAGCGTCG","19","+","40216401-40216450","19q13.11c","Homo sapiens sodium channel, voltage-gated, type I, beta (SCN1B), transcript variant b, mRNA.","membrane fraction [goid 5624] [evidence NR ]; membrane [goid 16020] [evidence IEA]; integral to membrane [goid 16021] [evidence IEA]; membrane fraction [goid 5624] [evidence NR ]; membrane [goid 16020] [evidence IEA]; integral to membrane [goid 16021] [evidence IEA]","ion transport [goid 6811] [evidence IEA]; synaptic transmission [goid 7268] [pmid 9697698] [evidence TAS]; sodium ion transport [goid 6814] [pmid 8394762] [evidence TAS]; ion transport [goid 6811] [evidence IEA]; synaptic transmission [goid 7268] [pmid 9697698] [evidence TAS]; sodium ion transport [goid 6814] [pmid 8394762] [evidence TAS]","sodium ion binding [goid 31402] [evidence IEA]; ion channel activity [goid 5216] [evidence IEA]; voltage-gated sodium channel activity [goid 5248] [pmid 9697698] [evidence TAS]; sodium ion binding [goid 31402] [evidence IEA]; ion channel activity [goid 5216] [evidence IEA]; voltage-gated sodium channel activity [goid 5248] [pmid 9697698] [evidence TAS]","GEFSP1","NM_199037.2"
"ILMN_1805750",0.673095600108976,12.5709035755696,3.01446432886604,0.0034439882613669,0.0487694288263424,-1.97999506690589,"Up-regulated (High in Neurodivergent)","ILMN_1805750","Homo sapiens","RefSeq","ILMN_6890","ILMN_6890","IFITM3","NM_021034.1","NM_021034.1",10410,11995467,"NM_021034.1","IFITM3","NP_066362.1",6650242,"S",618,"GATCTTCCAGGCCTATGGATAGATCAGGAGGCATCACTGAGGCCAGGAGC","11","-","309809-309837:309838-309858","11p15.5d","Homo sapiens interferon induced transmembrane protein 3 (1-8U) (IFITM3), mRNA.","integral to membrane [goid 16021] [evidence IEA]; plasma membrane [goid 5886] [pmid 11256614] [evidence IDA]","response to biotic stimulus [goid 9607] [evidence IEA]; immune response [goid 6955] [pmid 1906403] [evidence TAS]","","1-8U; IP15","NM_021034.1"
"ILMN_2046730",0.547680563391028,11.5349461912658,3.55883562780894,0.000628750590172722,0.0195275013802118,-0.469397830407564,"Up-regulated (High in Neurodivergent)","ILMN_2046730","Homo sapiens","RefSeq","ILMN_15502","ILMN_15502","S100A10","NM_002966.2","NM_002966.2",6281,115298655,"NM_002966.2","S100A10","NP_002957.1",540681,"S",811,"GAGCAGTTCGCTCCTCCCTGATAAGAGTTGTCCCAAAGGGTCGCTTAAGG","","","","1q21.3a","Homo sapiens S100 calcium binding protein A10 (S100A10), mRNA.","","","calcium ion binding [goid 5509] [evidence IEA]","ANX2L; MGC111133; GP11; ANX2LG; p10; P11; Ca[1]; CAL1L; 42C; CLP11","NM_002966.2"
"ILMN_2069224",-1.27706524247563,11.9635003306203,-3.30181478208737,0.00143493118613102,0.0307169147834869,-1.20599393628401,"Down-regulated (Low in Neurodivergent)","ILMN_2069224","Homo sapiens","RefSeq","ILMN_16920","ILMN_16920","PVALB","NM_002854.2","NM_002854.2",5816,55925656,"NM_002854.2","PVALB","NP_002845.1",5490689,"S",237,"GAGCTGGGATTCATCCTAAAAGGCTTCTCCCCAGATGCCAGAGACCTGTC","22","-","35539703-35539745:35541093-35541099","22q12.3d","Homo sapiens parvalbumin (PVALB), mRNA.","","","calcium ion binding [goid 5509] [evidence IEA]","D22S749; MGC116759","NM_002854.2"
"ILMN_2086470",0.505515394966665,11.2223599446582,3.31414019750656,0.00138048332287642,0.0302874393927685,-1.17160082520905,"Up-regulated (High in Neurodivergent)","ILMN_2086470","Homo sapiens","RefSeq","ILMN_165232","ILMN_165232","PDGFRA","NM_006206.3","NM_006206.3",5156,61699224,"NM_006206.3","PDGFRA","NP_006197.1",6940609,"S",6141,"AACTGTGATAATCCCCACAGGCACATTAACTGTTGCACTTTTGAATGTCC","4","+","54858919-54858968","4q12c","Homo sapiens platelet-derived growth factor receptor, alpha polypeptide (PDGFRA), mRNA.","integral to plasma membrane [goid 5887] [pmid 8586421] [evidence TAS]; membrane [goid 16020] [evidence IEA]","cell proliferation [goid 8283] [pmid 10806482] [evidence TAS]; cell surface receptor linked signal transduction [goid 7166] [pmid 10806482] [evidence TAS]; transmembrane receptor protein tyrosine kinase signaling pathway [goid 7169] [evidence IEA]; protein amino acid phosphorylation [goid 6468] [evidence IEA]","transferase activity [goid 16740] [evidence IEA]; vascular endothelial growth factor receptor activity [goid 5021] [evidence IEA]; nucleotide binding [goid 166] [evidence IEA]; ATP binding [goid 5524] [evidence IEA]; receptor activity [goid 4872] [evidence IEA]; platelet-derived growth factor alpha-receptor activity [goid 5018] [pmid 10806482] [evidence TAS]","PDGFR2; Rhe-PDGFRA; CD140A; MGC74795","NM_006206.3"
"ILMN_2115490",0.612301282322436,11.2789114101646,3.44630302511652,0.000906633003268798,0.0247219392141331,-0.79686208916202,"Up-regulated (High in Neurodivergent)","ILMN_2115490","Homo sapiens","RefSeq","ILMN_26956","ILMN_26956","NBPF20","NM_001037675.1","NM_001037675.1",400818,83415173,"NM_001037675.1","NBPF20","NP_001032764.1",5310044,"S",2454,"CCTTCCAGTTGTCTTGAACAGCCTGACTCCTGGCAGCCCTATGGAAGTTC","1","-","146620225-146620274","1q21.1d","Homo sapiens neuroblastoma breakpoint family, member 20 (NBPF20), mRNA.","","","","","NM_001037675.1"
"ILMN_2165463",-0.994742298192307,10.9051093947342,-5.72359683667057,1.73222008080267e-07,0.000284279105782342,7.01185258882768,"Down-regulated (Low in Neurodivergent)","ILMN_2165463","Homo sapiens","RefSeq","ILMN_25566","ILMN_25566","HAPLN4","NM_023002.1","NM_023002.1",404037,30794471,"NM_023002.1","HAPLN4","NP_075378.1",6510114,"S",3168,"GTCCCCCTGGGGCCCTCTTTACTGTCACGTCATCTCTAGGAAACCTATCT","19","-","19227636-19227685","19p13.11a","Homo sapiens hyaluronan and proteoglycan link protein 4 (HAPLN4), mRNA.","extracellular matrix (sensu Metazoa) [goid 5578] [evidence IEA]","cell adhesion [goid 7155] [evidence IEA]","hyaluronic acid binding [goid 5540] [evidence IEA]","BRAL2; KIAA1926","NM_023002.1"
"ILMN_2165753",0.584420399753846,9.32770952298734,2.87568459796566,0.0051594790727959,0.0590151651247891,-2.33400622228566,"Up-regulated (High in Neurodivergent)","ILMN_2165753","Homo sapiens","RefSeq","ILMN_168174","ILMN_168174","LOC649853","NM_001080840.1","NM_001080840.1",649853,124249397,"NM_001080840.1","LOC649853","NP_001074309.1",5080692,"S",624,"ACGGACGCCCCCAAGACGCATATGACTCACCACGCTGTCTCTGACCATGA","","","","","Homo sapiens major histocompatibility complex class I HLA-A29.1 (HLA-A29.1), mRNA. XM_001132736 XM_001132742 XM_001132747 XM_001132750 XM_001132753 XM_001132757 XM_001132760 XM_001132769 XM_001132772 XM_001132776 XM_001132779 XM_001132781 XM_001132783 XM_001132785 XM_001132794","","","","","NM_001080840.1"
"ILMN_2169152",0.514840829544873,10.7311375827595,3.02565560108209,0.00333174533940776,0.0477706585284098,-1.95087310917436,"Up-regulated (High in Neurodivergent)","ILMN_2169152","Homo sapiens","RefSeq","ILMN_2142","ILMN_2142","SRGN","NM_002727.2","NM_002727.2",5552,45935370,"NM_002727.2","SRGN","NP_002718.2",360500,"S",188,"GTACCAATGGGTGCGCTGCAATCCAGACAGTAATTCTGCAAACTGCCTTG","10","+","70526868-70526917","10q21.3e","Homo sapiens serglycin (SRGN), mRNA.","","","","PRG1; PPG; PRG; FLJ12930; MGC9289","NM_002727.2"
"ILMN_2175912",0.51689935123462,10.2936315878861,2.7416421096528,0.00753306076476453,0.072497796981904,-2.66314836529856,"Up-regulated (High in Neurodivergent)","ILMN_2175912","Homo sapiens","RefSeq","ILMN_42184","ILMN_42184","ITGB2","NM_000211.2","NM_000211.2",3689,89191864,"NM_000211.2","ITGB2","NP_000202.2",3890373,"S",2677,"GGAGGGCTTGAGGTTGGTGAGGTTAGGTGCGTGTTTCCTGTGCAAGTCAG","21","-","45130437-45130486","21q22.3e","Homo sapiens integrin, beta 2 (complement component 3 receptor 3 and 4 subunit) (ITGB2), mRNA.","membrane [goid 16020] [evidence IEA]; integral to membrane [goid 16021] [evidence IEA]; integrin complex [goid 8305] [pmid 12885943] [evidence NAS]","apoptosis [goid 6915] [pmid 12885943] [evidence NAS]; leukocyte adhesion [goid 7159] [pmid 12885943] [evidence IDA]; cell-cell signaling [goid 7267] [pmid 12885943] [evidence NAS]; cell-matrix adhesion [goid 7160] [evidence IEA]; regulation of cell shape [goid 8360] [pmid 12885943] [evidence NAS]; regulation of peptidyl-tyrosine phosphorylation [goid 50730] [pmid 12885943] [evidence IDA]; antimicrobial humoral response (sensu Vertebrata) [goid 19735] [pmid 7686755] [evidence TAS]; cell adhesion [goid 7155] [pmid 1694220] [evidence TAS]; neutrophil chemotaxis [goid 30593] [pmid 12885943] [evidence IDA]; development [goid 7275] [evidence IEA]; inflammatory response [goid 6954] [pmid 12885943] [evidence NAS]; integrin-mediated signaling pathway [goid 7229] [pmid 12885943] [evidence NAS]","protein kinase binding [goid 19901] [pmid 12885943] [evidence IPI]; protein binding [goid 5515] [pmid 12885943] [evidence IPI]; receptor activity [goid 4872] [evidence IEA]","MAC-1; LFA-1; MF17; LCAMB; MFI7; LAD; CD18","NM_000211.2"
"ILMN_2281786",-0.629408611014746,11.8674907117215,-2.01495482427437,0.0472540389476696,0.197607065298384,-4.21315739151347,"Down-regulated (Low in Neurodivergent)","ILMN_2281786","Homo sapiens","RefSeq","ILMN_3435","ILMN_3435","RTN1","NM_206852.1","NM_206852.1",6252,45827775,"NM_206852.1","RTN1","NP_996734.1",990047,"I",299,"GCAGGCCACTGCCGATTCCACCAAGATGGACTGTGTGTGGAGCAACTGGA","14","-","59166925-59166974","14q23.1b-q23.1c","Homo sapiens reticulon 1 (RTN1), transcript variant 3, mRNA.","membrane [goid 16020] [evidence IEA]; integral to membrane [goid 16021] [evidence IEA]; endoplasmic reticulum [goid 5783] [evidence IEA]; integral to endoplasmic reticulum membrane [goid 30176] [pmid 8833145] [evidence TAS]","neuron differentiation [goid 30182] [pmid 9560466] [evidence TAS]; signal transduction [goid 7165] [evidence NAS]","signal transducer activity [goid 4871] [evidence NAS]","NSP; MGC133250","NM_206852.1"
"ILMN_2292646",-0.73744032162821,12.9988528304937,-3.45598958592829,0.000878766569990912,0.0241055668091519,-0.768974220047008,"Down-regulated (Low in Neurodivergent)","ILMN_2292646","Homo sapiens","RefSeq","ILMN_4770","ILMN_4770","GAD1","NM_000817.2","NM_000817.2",2571,58331245,"NM_000817.2","GAD1","NP_000808.2",3840192,"I",3196,"CGCTCTCTGTCTGGCTGTACGTCTGGTGTTCTCAATGCTTTTCTAGCAAC","2","+","171425627-171425676","2q31.1c","Homo sapiens glutamate decarboxylase 1 (brain, 67kDa) (GAD1), transcript variant GAD67, mRNA.","intracellular [goid 5622] [pmid 10671565] [evidence IDA]; vesicle membrane [goid 12506] [pmid 10671565] [evidence NAS]","carboxylic acid metabolism [goid 19752] [evidence IEA]; synaptic transmission [goid 7268] [pmid 8954991] [evidence TAS]; neurotransmitter biosynthesis [goid 42136] [evidence IEA]; glutamate decarboxylation to succinate [goid 6540] [pmid 1549570] [evidence TAS]; protein-pyridoxal-5-phosphate linkage [goid 18352] [pmid 10671565] [evidence TAS]","protein binding [goid 5515] [pmid 10671565] [evidence IPI]; glutamate decarboxylase activity [goid 4351] [pmid 10671565] [evidence IDA]; carboxy-lyase activity [goid 16831] [evidence IEA]; lyase activity [goid 16829] [evidence IEA]","SCP; FLJ45882; GAD","NM_000817.2"
"ILMN_2302757",0.831785598360899,9.51418484644304,3.44730223054379,0.000903720342877389,0.0247160769595303,-0.793987986221015,"Up-regulated (High in Neurodivergent)","ILMN_2302757","Homo sapiens","RefSeq","ILMN_181020","ILMN_181020","FCGBP","NM_003890.1","NM_003890.1",8857,4503680,"NM_003890.1","FCGBP","NP_003881.1",130609,"A",16299,"TGCATCATGTGCTCCTACCCTGCTCTACCGCTTTTCTGGGTCACAGAGGC","19","-","45045844-45045893","19q13.2b","Homo sapiens Fc fragment of IgG binding protein (FCGBP), mRNA.","","","","FC(GAMMA)BP","NM_003890.1"
"ILMN_2330845",-0.512392951730769,12.345675361,-2.72007427629943,0.00799712785276669,0.0744610623852118,-2.71490942691618,"Down-regulated (Low in Neurodivergent)","ILMN_2330845","Homo sapiens","RefSeq","ILMN_23282","ILMN_23282","NSF","NM_006178.1","NM_006178.1",4905,11079227,"NM_006178.1","NSF","NP_006169.1",4040279,"A",3337,"CCTCCACACACTTCTTCCAAAAGGAAGCACCCGTTGAGTCCTTTTGAGGG","17","+","42188393-42188442","17q21.32a","Homo sapiens N-ethylmaleimide-sensitive factor (NSF), mRNA.","endoplasmic reticulum [goid 5783] [evidence IEA]; endoplasmic reticulum [goid 5783] [evidence IEA]; endoplasmic reticulum [goid 5783] [evidence IEA]","protein transport [goid 15031] [evidence IEA]; protein transport [goid 15031] [evidence IEA]; protein transport [goid 15031] [evidence IEA]","ATP binding [goid 5524] [evidence IEA]; hydrolase activity [goid 16787] [evidence IEA]; magnesium ion binding [goid 287] [evidence IEA]; nucleotide binding [goid 166] [evidence IEA]; nucleoside-triphosphatase activity [goid 17111] [evidence IEA]; ATP binding [goid 5524] [evidence IEA]; hydrolase activity [goid 16787] [evidence IEA]; magnesium ion binding [goid 287] [evidence IEA]; nucleotide binding [goid 166] [evidence IEA]; nucleoside-triphosphatase activity [goid 17111] [evidence IEA]; ATP binding [goid 5524] [evidence IEA]; hydrolase activity [goid 16787] [evidence IEA]; magnesium ion binding [goid 287] [evidence IEA]; nucleotide binding [goid 166] [evidence IEA]; nucleoside-triphosphatase activity [goid 17111] [evidence IEA]","SKD2","NM_006178.1"
"ILMN_2355168",0.526686278970516,10.8147132668734,3.08193097043376,0.00281702174552497,0.0439681264401514,-1.80315468421348,"Up-regulated (High in Neurodivergent)","ILMN_2355168","Homo sapiens","RefSeq","ILMN_29173","ILMN_29173","MGST1","NM_145792.1","NM_145792.1",4257,22035637,"NM_145792.1","MGST1","NP_665735.1",5080131,"A",399,"GGAGCACGGATCTACCACACCATTGCATATTTGACACCCCTTCCCCAGCC","12","+","16408108-16408157","12p12.3d","Homo sapiens microsomal glutathione S-transferase 1 (MGST1), transcript variant 1a, mRNA.","membrane [goid 16020] [evidence IEA]; mitochondrion [goid 5739] [evidence IEA]; endoplasmic reticulum [goid 5783] [evidence IEA]; microsome [goid 5792] [evidence IEA]","","transferase activity [goid 16740] [evidence IEA]; glutathione transferase activity [goid 4364] [pmid 3372534] [evidence TAS]","GST12; MGST-I; MGC14525; MGST","NM_145792.1"
"ILMN_2361603",0.624765172141029,13.5356782896203,4.02131504894695,0.000129878016675415,0.00825728753618425,0.952249355848694,"Up-regulated (High in Neurodivergent)","ILMN_2361603","Homo sapiens","RefSeq","ILMN_19545","ILMN_19545","NDRG2","NM_201539.1","NM_201539.1",57447,42544219,"NM_201539.1","NDRG2","NP_963833.1",4210411,"A",1501,"GCTGAGGGGTAAGAGGTTGTTGTAGTTGTCCTGGTGCCTCCATCAGACTC","14","-","20555243-20555292","14q11.2c","Homo sapiens NDRG family member 2 (NDRG2), transcript variant 6, mRNA.","cytosol [goid 5829] [pmid 11936845] [evidence NAS]","cell differentiation [goid 30154] [pmid 11978393] [evidence ISS]","","FLJ25522; KIAA1248; SYLD; DKFZp781G1938","NM_201539.1"
"ILMN_2396444",0.736108260121798,11.4727063817722,3.96504643736259,0.000158297600320624,0.00905962616348131,0.773085371258537,"Up-regulated (High in Neurodivergent)","ILMN_2396444","Homo sapiens","RefSeq","ILMN_175125","ILMN_175125","CD14","NM_001040021.1","NM_001040021.1",929,91105158,"NM_001040021.1","CD14","NP_001035110.1",6370369,"A",1442,"CCCGTCAGGACGTTGAGGACTTTTCGACCAATTCAACCCTTTGCCCCACC","5","-","139991522-139991571","5q31.3b","Homo sapiens CD14 molecule (CD14), transcript variant 2, mRNA.","plasma membrane [goid 5886] [pmid 9548256] [evidence TAS]; extrinsic to membrane [goid 19898] [evidence NR ]","apoptosis [goid 6915] [pmid 9548256] [evidence TAS]; phagocytosis [goid 6909] [pmid 9548256] [evidence TAS]; cell surface receptor linked signal transduction [goid 7166] [pmid 8798531] [evidence TAS]; inflammatory response [goid 6954] [evidence IEA]","transferase activity [goid 16740] [evidence IEA]; peptidoglycan receptor activity [goid 16019] [pmid 8798531] [evidence TAS]; GPI anchor binding [goid 48503] [evidence IEA]","","NM_001040021.1"
"ILMN_2408080",-0.506778539076924,12.9617972695696,-2.05893681893726,0.0427401514938693,0.18745106174573,-4.13118398761391,"Down-regulated (Low in Neurodivergent)","ILMN_2408080","Homo sapiens","RefSeq","ILMN_30021","ILMN_30021","SNAP25","NM_130811.1","NM_130811.1",6616,18765734,"NM_130811.1","SNAP25","NP_570824.1",670075,"A",649,"TGGATGAAAACCTAGAGCAGGTGAGCGGCATCATCGGGAACCTCCGTCAC","20","+","10227945-10227994","20p12.2b","Homo sapiens synaptosomal-associated protein, 25kDa (SNAP25), transcript variant 2, mRNA.","synapse [goid 45202] [evidence IEA]; synaptosome [goid 19717] [evidence IEA]","synaptic vesicle docking during exocytosis [goid 16081] [pmid 8760387] [evidence NAS]; neurotransmitter secretion [goid 7269] [evidence NAS]; regulation of insulin secretion [goid 50796] [pmid 15537656] [evidence TAS]; synaptic transmission [goid 7268] [pmid 8760387] [evidence NAS]; neurotransmitter uptake [goid 1504] [pmid 8760387] [evidence NAS]","protein binding [goid 5515] [pmid 16169070] [evidence IPI]","SNAP; dJ1068F16.2; SNAP-25; FLJ23079; RIC-4; SEC9; RIC4; bA416N4.2","NM_130811.1"
"ILMN_2413964",-0.515047734317301,10.5306842292532,-2.70294962236762,0.0083840045872598,0.0765082171598349,-2.75576759702282,"Down-regulated (Low in Neurodivergent)","ILMN_2413964","Homo sapiens","RefSeq","ILMN_28864","ILMN_28864","GABRG2","NM_000816.2","NM_000816.2",2566,38788134,"NM_000816.2","GABRG2","NP_000807.2",6020326,"A",1851,"GCCCAGCCCTCCTTTGGTTAGTGTACTTTGAACTTCGATGTTTGCTGTGT","5","+","161513110-161513159","5q34b","Homo sapiens gamma-aminobutyric acid (GABA) A receptor, gamma 2 (GABRG2), transcript variant 2, mRNA.","integral to membrane [goid 16021] [evidence IEA]; postsynaptic membrane [goid 45211] [evidence IEA]; integral to plasma membrane [goid 5887] [pmid 2538761] [evidence TAS]","ion transport [goid 6811] [evidence IEA]; gamma-aminobutyric acid signaling pathway [goid 7214] [pmid 2538761] [evidence TAS]; chloride transport [goid 6821] [evidence IEA]","benzodiazepine receptor activity [goid 8503] [pmid 2538761] [evidence TAS]; ion channel activity [goid 5216] [evidence IEA]; GABA-A receptor activity [goid 4890] [evidence IEA]; extracellular ligand-gated ion channel activity [goid 5230] [evidence IEA]; chloride channel activity [goid 5254] [evidence IEA]; protein binding [goid 5515] [pmid 9892355] [evidence IPI]; neurotransmitter receptor activity [goid 30594] [evidence IEA]","ECA2; GEFSP3; CAE2","NM_000816.2"
